test_class,test_dosya,test_hedef,train_class,en_benzer_train_dosya,train_hedef,hamming_mesafesi
Class3,0001.PNG,kusursuz,Class3,0810.PNG,kusursuz,0
Class3,0002.PNG,kusursuz,Class3,0594.PNG,kusursuz,0
Class3,0003.PNG,kusursuz,Class3,0720.PNG,kusurlu,0
Class3,0004.PNG,kusursuz,Class3,1017.PNG,kusursuz,0
Class3,0005.PNG,kusursuz,Class3,0588.PNG,kusursuz,0
Class3,0006.PNG,kusursuz,Class3,0595.PNG,kusursuz,0
Class3,0008.PNG,kusursuz,Class3,0614.PNG,kusursuz,0
Class3,0009.PNG,kusursuz,Class3,0614.PNG,kusursuz,0
Class3,0010.PNG,kusursuz,Class3,0614.PNG,kusursuz,0
Class3,0011.PNG,kusursuz,Class3,0578.PNG,kusurlu,0
Class3,0012.PNG,kusursuz,Class3,0600.PNG,kusursuz,0
Class3,0013.PNG,kusursuz,Class3,0614.PNG,kusursuz,0
Class3,0014.PNG,kusursuz,Class3,0684.PNG,kusursuz,0
Class3,0016.PNG,kusursuz,Class3,0684.PNG,kusursuz,0
Class3,0017.PNG,kusursuz,Class3,0580.PNG,kusursuz,0
Class3,0018.PNG,kusursuz,Class3,0611.PNG,kusursuz,0
Class3,0019.PNG,kusursuz,Class3,0581.PNG,kusursuz,0
Class3,0021.PNG,kusursuz,Class3,0611.PNG,kusursuz,0
Class3,0022.PNG,kusursuz,Class3,0650.PNG,kusursuz,0
Class3,0023.PNG,kusursuz,Class3,0650.PNG,kusursuz,0
Class3,0024.PNG,kusursuz,Class3,0620.PNG,kusursuz,0
Class3,0025.PNG,kusursuz,Class3,0584.PNG,kusursuz,0
Class3,0026.PNG,kusursuz,Class3,0580.PNG,kusursuz,0
Class3,0027.PNG,kusursuz,Class3,0580.PNG,kusursuz,0
Class3,0028.PNG,kusursuz,Class3,0650.PNG,kusursuz,0
Class3,0029.PNG,kusursuz,Class3,0650.PNG,kusursuz,0
Class3,0030.PNG,kusursuz,Class3,0651.PNG,kusursuz,0
Class3,0031.PNG,kusursuz,Class3,0715.PNG,kusurlu,0
Class3,0032.PNG,kusursuz,Class3,0777.PNG,kusurlu,0
Class3,0033.PNG,kusursuz,Class3,0613.PNG,kusursuz,0
Class3,0034.PNG,kusurlu,Class3,0578.PNG,kusurlu,0
Class3,0035.PNG,kusursuz,Class3,0611.PNG,kusursuz,0
Class3,0036.PNG,kusursuz,Class3,0766.PNG,kusursuz,0
Class3,0037.PNG,kusursuz,Class3,0594.PNG,kusursuz,0
Class3,0038.PNG,kusursuz,Class3,0866.PNG,kusursuz,0
Class3,0039.PNG,kusursuz,Class3,0577.PNG,kusursuz,0
Class3,0041.PNG,kusursuz,Class3,0966.PNG,kusursuz,0
Class3,0042.PNG,kusursuz,Class3,0602.PNG,kusursuz,0
Class3,0043.PNG,kusursuz,Class3,0931.PNG,kusursuz,0
Class3,0044.PNG,kusursuz,Class3,0577.PNG,kusursuz,0
Class3,0045.PNG,kusursuz,Class3,0594.PNG,kusursuz,0
Class3,0046.PNG,kusursuz,Class3,0613.PNG,kusursuz,0
Class3,0047.PNG,kusursuz,Class3,0581.PNG,kusursuz,0
Class3,0049.PNG,kusursuz,Class3,0678.PNG,kusurlu,0
Class3,0050.PNG,kusursuz,Class3,1081.PNG,kusursuz,0
Class3,0051.PNG,kusursuz,Class3,0594.PNG,kusursuz,0
Class3,0052.PNG,kusursuz,Class3,0899.PNG,kusursuz,0
Class3,0053.PNG,kusursuz,Class3,0577.PNG,kusursuz,0
Class3,0054.PNG,kusursuz,Class3,0614.PNG,kusursuz,0
Class3,0055.PNG,kusursuz,Class3,0584.PNG,kusursuz,0
Class3,0056.PNG,kusursuz,Class3,1056.PNG,kusursuz,0
Class3,0057.PNG,kusursuz,Class3,0764.PNG,kusursuz,0
Class3,0058.PNG,kusursuz,Class3,0731.PNG,kusursuz,0
Class3,0059.PNG,kusursuz,Class3,0587.PNG,kusursuz,0
Class3,0060.PNG,kusurlu,Class3,0594.PNG,kusursuz,0
Class3,0061.PNG,kusursuz,Class3,0627.PNG,kusursuz,0
Class3,0062.PNG,kusursuz,Class3,0971.PNG,kusursuz,0
Class3,0063.PNG,kusursuz,Class3,0708.PNG,kusursuz,0
Class3,0065.PNG,kusursuz,Class3,0614.PNG,kusursuz,0
Class3,0066.PNG,kusursuz,Class3,0608.PNG,kusursuz,0
Class3,0068.PNG,kusurlu,Class3,0614.PNG,kusursuz,0
Class3,0070.PNG,kusursuz,Class3,0614.PNG,kusursuz,0
Class3,0071.PNG,kusursuz,Class3,0594.PNG,kusursuz,0
Class3,0072.PNG,kusursuz,Class3,0614.PNG,kusursuz,0
Class3,0073.PNG,kusursuz,Class3,0578.PNG,kusurlu,0
Class3,0074.PNG,kusursuz,Class3,0609.PNG,kusursuz,0
Class3,0075.PNG,kusursuz,Class3,0588.PNG,kusursuz,0
Class3,0076.PNG,kusursuz,Class3,0766.PNG,kusursuz,0
Class3,0079.PNG,kusursuz,Class3,0581.PNG,kusursuz,0
Class3,0080.PNG,kusursuz,Class3,0611.PNG,kusursuz,0
Class3,0082.PNG,kusursuz,Class3,0644.PNG,kusursuz,0
Class3,0083.PNG,kusursuz,Class3,0650.PNG,kusursuz,0
Class3,0084.PNG,kusursuz,Class3,0732.PNG,kusurlu,0
Class3,0085.PNG,kusursuz,Class3,0614.PNG,kusursuz,0
Class3,0086.PNG,kusursuz,Class3,0901.PNG,kusursuz,0
Class3,0087.PNG,kusursuz,Class3,0608.PNG,kusursuz,0
Class3,0088.PNG,kusursuz,Class3,0594.PNG,kusursuz,0
Class3,0089.PNG,kusursuz,Class3,0608.PNG,kusursuz,0
Class3,0090.PNG,kusursuz,Class3,0593.PNG,kusursuz,0
Class3,0091.PNG,kusursuz,Class3,0644.PNG,kusursuz,0
Class3,0092.PNG,kusursuz,Class3,0589.PNG,kusurlu,0
Class3,0093.PNG,kusursuz,Class3,0731.PNG,kusursuz,0
Class3,0095.PNG,kusursuz,Class3,0623.PNG,kusursuz,0
Class3,0096.PNG,kusursuz,Class3,0577.PNG,kusursuz,0
Class3,0097.PNG,kusurlu,Class3,0650.PNG,kusursuz,0
Class3,0098.PNG,kusursuz,Class3,0594.PNG,kusursuz,0
Class3,0099.PNG,kusursuz,Class3,0650.PNG,kusursuz,0
Class3,0101.PNG,kusursuz,Class3,0650.PNG,kusursuz,0
Class3,0102.PNG,kusurlu,Class3,0650.PNG,kusursuz,0
Class3,0103.PNG,kusursuz,Class3,0587.PNG,kusursuz,0
Class3,0104.PNG,kusursuz,Class3,0594.PNG,kusursuz,0
Class3,0106.PNG,kusursuz,Class3,0895.PNG,kusursuz,0
Class3,0107.PNG,kusursuz,Class3,0580.PNG,kusursuz,0
Class3,0108.PNG,kusursuz,Class3,0594.PNG,kusursuz,0
Class3,0109.PNG,kusursuz,Class3,0588.PNG,kusursuz,0
Class3,0110.PNG,kusursuz,Class3,0587.PNG,kusursuz,0
Class3,0112.PNG,kusursuz,Class3,0608.PNG,kusursuz,0
Class3,0113.PNG,kusurlu,Class3,0731.PNG,kusursuz,0
Class3,0114.PNG,kusurlu,Class3,0712.PNG,kusurlu,0
Class3,0116.PNG,kusurlu,Class3,0593.PNG,kusursuz,0
Class3,0118.PNG,kusursuz,Class3,0581.PNG,kusursuz,0
Class3,0119.PNG,kusurlu,Class3,0580.PNG,kusursuz,0
Class3,0122.PNG,kusursuz,Class3,0595.PNG,kusursuz,0
Class3,0123.PNG,kusursuz,Class3,0709.PNG,kusursuz,0
Class3,0124.PNG,kusursuz,Class3,0613.PNG,kusursuz,0
Class3,0125.PNG,kusursuz,Class3,0866.PNG,kusursuz,0
Class3,0126.PNG,kusursuz,Class3,0581.PNG,kusursuz,0
Class3,0127.PNG,kusursuz,Class3,0594.PNG,kusursuz,0
Class3,0129.PNG,kusurlu,Class3,0611.PNG,kusursuz,0
Class3,0130.PNG,kusursuz,Class3,0611.PNG,kusursuz,0
Class3,0131.PNG,kusursuz,Class3,0577.PNG,kusursuz,0
Class3,0132.PNG,kusursuz,Class3,0588.PNG,kusursuz,0
Class3,0133.PNG,kusursuz,Class3,0594.PNG,kusursuz,0
Class3,0134.PNG,kusurlu,Class3,0631.PNG,kusursuz,0
Class3,0136.PNG,kusursuz,Class3,0577.PNG,kusursuz,0
Class3,0137.PNG,kusurlu,Class3,0577.PNG,kusursuz,0
Class3,0138.PNG,kusurlu,Class3,0751.PNG,kusursuz,0
Class3,0139.PNG,kusursuz,Class3,0594.PNG,kusursuz,0
Class3,0140.PNG,kusursuz,Class3,0614.PNG,kusursuz,0
Class3,0141.PNG,kusursuz,Class3,0588.PNG,kusursuz,0
Class3,0142.PNG,kusursuz,Class3,0583.PNG,kusursuz,0
Class3,0143.PNG,kusursuz,Class3,0766.PNG,kusursuz,0
Class3,0144.PNG,kusursuz,Class3,0577.PNG,kusursuz,0
Class3,0145.PNG,kusursuz,Class3,0594.PNG,kusursuz,0
Class3,0146.PNG,kusursuz,Class3,0601.PNG,kusursuz,0
Class3,0147.PNG,kusursuz,Class3,0594.PNG,kusursuz,0
Class3,0148.PNG,kusursuz,Class3,0611.PNG,kusursuz,0
Class3,0149.PNG,kusursuz,Class3,0608.PNG,kusursuz,0
Class3,0150.PNG,kusursuz,Class3,0577.PNG,kusursuz,0
Class3,0151.PNG,kusurlu,Class3,0712.PNG,kusurlu,0
Class3,0152.PNG,kusursuz,Class3,0614.PNG,kusursuz,0
Class3,0153.PNG,kusursuz,Class3,0632.PNG,kusursuz,0
Class3,0154.PNG,kusursuz,Class3,0577.PNG,kusursuz,0
Class3,0155.PNG,kusursuz,Class3,0644.PNG,kusursuz,0
Class3,0156.PNG,kusursuz,Class3,0594.PNG,kusursuz,0
Class3,0157.PNG,kusurlu,Class3,1017.PNG,kusursuz,0
Class3,0158.PNG,kusursuz,Class3,0583.PNG,kusursuz,0
Class3,0160.PNG,kusurlu,Class3,0584.PNG,kusursuz,0
Class3,0162.PNG,kusursuz,Class3,0594.PNG,kusursuz,0
Class3,0163.PNG,kusursuz,Class3,0776.PNG,kusursuz,0
Class3,0164.PNG,kusursuz,Class3,0584.PNG,kusursuz,0
Class3,0165.PNG,kusursuz,Class3,0650.PNG,kusursuz,0
Class3,0166.PNG,kusursuz,Class3,0581.PNG,kusursuz,0
Class3,0167.PNG,kusursuz,Class3,0766.PNG,kusursuz,0
Class3,0168.PNG,kusurlu,Class3,0611.PNG,kusursuz,0
Class3,0169.PNG,kusursuz,Class3,0587.PNG,kusursuz,0
Class3,0170.PNG,kusursuz,Class3,0615.PNG,kusursuz,0
Class3,0171.PNG,kusurlu,Class3,0594.PNG,kusursuz,0
Class3,0172.PNG,kusursuz,Class3,0611.PNG,kusursuz,0
Class3,0173.PNG,kusursuz,Class3,0587.PNG,kusursuz,0
Class3,0174.PNG,kusursuz,Class3,0578.PNG,kusurlu,0
Class3,0175.PNG,kusursuz,Class3,0594.PNG,kusursuz,0
Class3,0176.PNG,kusursuz,Class3,0583.PNG,kusursuz,0
Class3,0177.PNG,kusursuz,Class3,0578.PNG,kusurlu,0
Class3,0178.PNG,kusurlu,Class3,0650.PNG,kusursuz,0
Class3,0180.PNG,kusursuz,Class3,0613.PNG,kusursuz,0
Class3,0181.PNG,kusursuz,Class3,0731.PNG,kusursuz,0
Class3,0183.PNG,kusursuz,Class3,0594.PNG,kusursuz,0
Class3,0185.PNG,kusursuz,Class3,0810.PNG,kusursuz,0
Class3,0186.PNG,kusursuz,Class3,0588.PNG,kusursuz,0
Class3,0187.PNG,kusursuz,Class3,0804.PNG,kusursuz,0
Class3,0189.PNG,kusursuz,Class3,0583.PNG,kusursuz,0
Class3,0190.PNG,kusursuz,Class3,0881.PNG,kusurlu,0
Class3,0191.PNG,kusursuz,Class3,0628.PNG,kusursuz,0
Class3,0192.PNG,kusursuz,Class3,1056.PNG,kusursuz,0
Class3,0193.PNG,kusursuz,Class3,0577.PNG,kusursuz,0
Class3,0194.PNG,kusursuz,Class3,0613.PNG,kusursuz,0
Class3,0195.PNG,kusursuz,Class3,0594.PNG,kusursuz,0
Class3,0196.PNG,kusursuz,Class3,0650.PNG,kusursuz,0
Class3,0197.PNG,kusursuz,Class3,0594.PNG,kusursuz,0
Class3,0198.PNG,kusursuz,Class3,0594.PNG,kusursuz,0
Class3,0199.PNG,kusursuz,Class3,0594.PNG,kusursuz,0
Class3,0200.PNG,kusursuz,Class3,0594.PNG,kusursuz,0
Class3,0201.PNG,kusursuz,Class3,0715.PNG,kusurlu,0
Class3,0203.PNG,kusursuz,Class3,0581.PNG,kusursuz,0
Class3,0204.PNG,kusurlu,Class3,0594.PNG,kusursuz,0
Class3,0205.PNG,kusursuz,Class3,0611.PNG,kusursuz,0
Class3,0206.PNG,kusursuz,Class3,0766.PNG,kusursuz,0
Class3,0207.PNG,kusursuz,Class3,0604.PNG,kusursuz,0
Class3,0208.PNG,kusursuz,Class3,0623.PNG,kusursuz,0
Class3,0209.PNG,kusursuz,Class3,0602.PNG,kusursuz,0
Class3,0210.PNG,kusursuz,Class3,0578.PNG,kusurlu,0
Class3,0211.PNG,kusursuz,Class3,0611.PNG,kusursuz,0
Class3,0213.PNG,kusursuz,Class3,0692.PNG,kusursuz,0
Class3,0215.PNG,kusursuz,Class3,0615.PNG,kusursuz,0
Class3,0216.PNG,kusursuz,Class3,0737.PNG,kusursuz,0
Class3,0218.PNG,kusursuz,Class3,0650.PNG,kusursuz,0
Class3,0219.PNG,kusursuz,Class3,0581.PNG,kusursuz,0
Class3,0220.PNG,kusursuz,Class3,0581.PNG,kusursuz,0
Class3,0221.PNG,kusursuz,Class3,0595.PNG,kusursuz,0
Class3,0222.PNG,kusursuz,Class3,0580.PNG,kusursuz,0
Class3,0223.PNG,kusursuz,Class3,0584.PNG,kusursuz,0
Class3,0224.PNG,kusursuz,Class3,0614.PNG,kusursuz,0
Class3,0225.PNG,kusursuz,Class3,0614.PNG,kusursuz,0
Class3,0226.PNG,kusursuz,Class3,0580.PNG,kusursuz,0
Class3,0227.PNG,kusurlu,Class3,0593.PNG,kusursuz,0
Class3,0228.PNG,kusursuz,Class3,0777.PNG,kusurlu,0
Class3,0229.PNG,kusursuz,Class3,0800.PNG,kusursuz,0
Class3,0230.PNG,kusursuz,Class3,0614.PNG,kusursuz,0
Class3,0231.PNG,kusurlu,Class3,0594.PNG,kusursuz,0
Class3,0232.PNG,kusurlu,Class3,0901.PNG,kusursuz,0
Class3,0233.PNG,kusursuz,Class3,0731.PNG,kusursuz,0
Class3,0234.PNG,kusursuz,Class3,0581.PNG,kusursuz,0
Class3,0235.PNG,kusursuz,Class3,0720.PNG,kusurlu,0
Class3,0236.PNG,kusursuz,Class3,0668.PNG,kusursuz,0
Class3,0237.PNG,kusursuz,Class3,0595.PNG,kusursuz,0
Class3,0238.PNG,kusursuz,Class3,0577.PNG,kusursuz,0
Class3,0239.PNG,kusursuz,Class3,0588.PNG,kusursuz,0
Class3,0240.PNG,kusurlu,Class3,0650.PNG,kusursuz,0
Class3,0241.PNG,kusursuz,Class3,0644.PNG,kusursuz,0
Class3,0242.PNG,kusurlu,Class3,0600.PNG,kusursuz,0
Class3,0243.PNG,kusurlu,Class3,0866.PNG,kusursuz,0
Class3,0245.PNG,kusursuz,Class3,0686.PNG,kusursuz,0
Class3,0246.PNG,kusurlu,Class3,0651.PNG,kusursuz,0
Class3,0247.PNG,kusursuz,Class3,0588.PNG,kusursuz,0
Class3,0248.PNG,kusurlu,Class3,0766.PNG,kusursuz,0
Class3,0249.PNG,kusursuz,Class3,0602.PNG,kusursuz,0
Class3,0250.PNG,kusursuz,Class3,0614.PNG,kusursuz,0
Class3,0251.PNG,kusursuz,Class3,0776.PNG,kusursuz,0
Class3,0252.PNG,kusursuz,Class3,0650.PNG,kusursuz,0
Class3,0253.PNG,kusursuz,Class3,0594.PNG,kusursuz,0
Class3,0254.PNG,kusurlu,Class3,0588.PNG,kusursuz,0
Class3,0255.PNG,kusursuz,Class3,0800.PNG,kusursuz,0
Class3,0256.PNG,kusursuz,Class3,0577.PNG,kusursuz,0
Class3,0257.PNG,kusurlu,Class3,0614.PNG,kusursuz,0
Class3,0258.PNG,kusursuz,Class3,0609.PNG,kusursuz,0
Class3,0259.PNG,kusursuz,Class3,0650.PNG,kusursuz,0
Class3,0260.PNG,kusursuz,Class3,0623.PNG,kusursuz,0
Class3,0262.PNG,kusursuz,Class3,0613.PNG,kusursuz,0
Class3,0263.PNG,kusursuz,Class3,0631.PNG,kusursuz,0
Class3,0264.PNG,kusursuz,Class3,0580.PNG,kusursuz,0
Class3,0265.PNG,kusursuz,Class3,0577.PNG,kusursuz,0
Class3,0266.PNG,kusursuz,Class3,0650.PNG,kusursuz,0
Class3,0267.PNG,kusurlu,Class3,0577.PNG,kusursuz,0
Class3,0268.PNG,kusursuz,Class3,0731.PNG,kusursuz,0
Class3,0269.PNG,kusursuz,Class3,0614.PNG,kusursuz,0
Class3,0271.PNG,kusurlu,Class3,0685.PNG,kusursuz,0
Class3,0272.PNG,kusursuz,Class3,0685.PNG,kusursuz,0
Class3,0273.PNG,kusursuz,Class3,0613.PNG,kusursuz,0
Class3,0275.PNG,kusursuz,Class3,0614.PNG,kusursuz,0
Class3,0276.PNG,kusursuz,Class3,0766.PNG,kusursuz,0
Class3,0277.PNG,kusursuz,Class3,0588.PNG,kusursuz,0
Class3,0278.PNG,kusursuz,Class3,0712.PNG,kusurlu,0
Class3,0279.PNG,kusursuz,Class3,0602.PNG,kusursuz,0
Class3,0280.PNG,kusursuz,Class3,0594.PNG,kusursuz,0
Class3,0281.PNG,kusursuz,Class3,0588.PNG,kusursuz,0
Class3,0282.PNG,kusurlu,Class3,0627.PNG,kusursuz,0
Class3,0283.PNG,kusursuz,Class3,0594.PNG,kusursuz,0
Class3,0284.PNG,kusursuz,Class3,0988.PNG,kusursuz,0
Class3,0285.PNG,kusursuz,Class3,0577.PNG,kusursuz,0
Class3,0286.PNG,kusurlu,Class3,0614.PNG,kusursuz,0
Class3,0287.PNG,kusursuz,Class3,0708.PNG,kusursuz,0
Class3,0288.PNG,kusursuz,Class3,0601.PNG,kusursuz,0
Class3,0289.PNG,kusursuz,Class3,0577.PNG,kusursuz,0
Class3,0290.PNG,kusursuz,Class3,0608.PNG,kusursuz,0
Class3,0292.PNG,kusurlu,Class3,0708.PNG,kusursuz,0
Class3,0293.PNG,kusursuz,Class3,0749.PNG,kusursuz,0
Class3,0294.PNG,kusursuz,Class3,0823.PNG,kusursuz,0
Class3,0295.PNG,kusursuz,Class3,1020.PNG,kusursuz,0
Class3,0296.PNG,kusursuz,Class3,0628.PNG,kusursuz,0
Class3,0297.PNG,kusursuz,Class3,0578.PNG,kusurlu,0
Class3,0298.PNG,kusursuz,Class3,0611.PNG,kusursuz,0
Class3,0299.PNG,kusurlu,Class3,0614.PNG,kusursuz,0
Class3,0300.PNG,kusursuz,Class3,0613.PNG,kusursuz,0
Class3,0301.PNG,kusursuz,Class3,0581.PNG,kusursuz,0
Class3,0302.PNG,kusursuz,Class3,0720.PNG,kusurlu,0
Class3,0303.PNG,kusursuz,Class3,1017.PNG,kusursuz,0
Class3,0304.PNG,kusursuz,Class3,0581.PNG,kusursuz,0
Class3,0306.PNG,kusursuz,Class3,0611.PNG,kusursuz,0
Class3,0307.PNG,kusurlu,Class3,0614.PNG,kusursuz,0
Class3,0308.PNG,kusurlu,Class3,0577.PNG,kusursuz,0
Class3,0309.PNG,kusursuz,Class3,0613.PNG,kusursuz,0
Class3,0310.PNG,kusursuz,Class3,0638.PNG,kusursuz,0
Class3,0311.PNG,kusurlu,Class3,0580.PNG,kusursuz,0
Class3,0312.PNG,kusursuz,Class3,0594.PNG,kusursuz,0
Class3,0313.PNG,kusursuz,Class3,0584.PNG,kusursuz,0
Class3,0314.PNG,kusursuz,Class3,0611.PNG,kusursuz,0
Class3,0315.PNG,kusursuz,Class3,0632.PNG,kusursuz,0
Class3,0316.PNG,kusurlu,Class3,0615.PNG,kusursuz,0
Class3,0317.PNG,kusursuz,Class3,0596.PNG,kusursuz,0
Class3,0318.PNG,kusursuz,Class3,0901.PNG,kusursuz,0
Class3,0320.PNG,kusurlu,Class3,0715.PNG,kusurlu,0
Class3,0321.PNG,kusursuz,Class3,0611.PNG,kusursuz,0
Class3,0322.PNG,kusursuz,Class3,0613.PNG,kusursuz,0
Class3,0323.PNG,kusurlu,Class3,0615.PNG,kusursuz,0
Class3,0324.PNG,kusursuz,Class3,0580.PNG,kusursuz,0
Class3,0325.PNG,kusursuz,Class3,0594.PNG,kusursuz,0
Class3,0326.PNG,kusursuz,Class3,0650.PNG,kusursuz,0
Class3,0327.PNG,kusursuz,Class3,0644.PNG,kusursuz,0
Class3,0328.PNG,kusursuz,Class3,0583.PNG,kusursuz,0
Class3,0331.PNG,kusursuz,Class3,0594.PNG,kusursuz,0
Class3,0332.PNG,kusursuz,Class3,0715.PNG,kusurlu,0
Class3,0333.PNG,kusursuz,Class3,0578.PNG,kusurlu,0
Class3,0334.PNG,kusursuz,Class3,0577.PNG,kusursuz,0
Class3,0335.PNG,kusursuz,Class3,0620.PNG,kusursuz,0
Class3,0336.PNG,kusursuz,Class3,0577.PNG,kusursuz,0
Class3,0337.PNG,kusursuz,Class3,0614.PNG,kusursuz,0
Class3,0339.PNG,kusursuz,Class3,0594.PNG,kusursuz,0
Class3,0340.PNG,kusursuz,Class3,0578.PNG,kusurlu,0
Class3,0343.PNG,kusurlu,Class3,0578.PNG,kusurlu,0
Class3,0344.PNG,kusursuz,Class3,0581.PNG,kusursuz,0
Class3,0345.PNG,kusursuz,Class3,0866.PNG,kusursuz,0
Class3,0346.PNG,kusursuz,Class3,0611.PNG,kusursuz,0
Class3,0347.PNG,kusursuz,Class3,0614.PNG,kusursuz,0
Class3,0348.PNG,kusursuz,Class3,0614.PNG,kusursuz,0
Class3,0350.PNG,kusursuz,Class3,0611.PNG,kusursuz,0
Class3,0351.PNG,kusursuz,Class3,0584.PNG,kusursuz,0
Class3,0352.PNG,kusurlu,Class3,0617.PNG,kusurlu,0
Class3,0353.PNG,kusursuz,Class3,0611.PNG,kusursuz,0
Class3,0354.PNG,kusursuz,Class3,0613.PNG,kusursuz,0
Class3,0355.PNG,kusursuz,Class3,0594.PNG,kusursuz,0
Class3,0356.PNG,kusursuz,Class3,0776.PNG,kusursuz,0
Class3,0357.PNG,kusursuz,Class3,0594.PNG,kusursuz,0
Class3,0358.PNG,kusursuz,Class3,0669.PNG,kusursuz,0
Class3,0359.PNG,kusursuz,Class3,0613.PNG,kusursuz,0
Class3,0360.PNG,kusursuz,Class3,0632.PNG,kusursuz,0
Class3,0361.PNG,kusursuz,Class3,0650.PNG,kusursuz,0
Class3,0362.PNG,kusursuz,Class3,0587.PNG,kusursuz,0
Class3,0363.PNG,kusursuz,Class3,0601.PNG,kusursuz,0
Class3,0364.PNG,kusursuz,Class3,0593.PNG,kusursuz,0
Class3,0365.PNG,kusursuz,Class3,0628.PNG,kusursuz,0
Class3,0366.PNG,kusursuz,Class3,0611.PNG,kusursuz,0
Class3,0367.PNG,kusurlu,Class3,0616.PNG,kusursuz,0
Class3,0368.PNG,kusursuz,Class3,0594.PNG,kusursuz,0
Class3,0369.PNG,kusursuz,Class3,0595.PNG,kusursuz,0
Class3,0370.PNG,kusursuz,Class3,0684.PNG,kusursuz,0
Class3,0371.PNG,kusursuz,Class3,0614.PNG,kusursuz,0
Class3,0372.PNG,kusursuz,Class3,0578.PNG,kusurlu,0
Class3,0374.PNG,kusursuz,Class3,0580.PNG,kusursuz,0
Class3,0376.PNG,kusursuz,Class3,0611.PNG,kusursuz,0
Class3,0377.PNG,kusursuz,Class3,0578.PNG,kusurlu,0
Class3,0378.PNG,kusursuz,Class3,0611.PNG,kusursuz,0
Class3,0379.PNG,kusursuz,Class3,0580.PNG,kusursuz,0
Class3,0380.PNG,kusursuz,Class3,0751.PNG,kusursuz,0
Class3,0381.PNG,kusursuz,Class3,0616.PNG,kusursuz,0
Class3,0382.PNG,kusursuz,Class3,0588.PNG,kusursuz,0
Class3,0383.PNG,kusursuz,Class3,0601.PNG,kusursuz,0
Class3,0384.PNG,kusursuz,Class3,0581.PNG,kusursuz,0
Class3,0385.PNG,kusurlu,Class3,0578.PNG,kusurlu,0
Class3,0387.PNG,kusursuz,Class3,0608.PNG,kusursuz,0
Class3,0388.PNG,kusursuz,Class3,0709.PNG,kusursuz,0
Class3,0389.PNG,kusursuz,Class3,0588.PNG,kusursuz,0
Class3,0390.PNG,kusursuz,Class3,0588.PNG,kusursuz,0
Class3,0391.PNG,kusursuz,Class3,0614.PNG,kusursuz,0
Class3,0392.PNG,kusursuz,Class3,0588.PNG,kusursuz,0
Class3,0393.PNG,kusurlu,Class3,0650.PNG,kusursuz,0
Class3,0394.PNG,kusursuz,Class3,0584.PNG,kusursuz,0
Class3,0395.PNG,kusurlu,Class3,0619.PNG,kusursuz,0
Class3,0396.PNG,kusursuz,Class3,0578.PNG,kusurlu,0
Class3,0397.PNG,kusursuz,Class3,0608.PNG,kusursuz,0
Class3,0398.PNG,kusursuz,Class3,0578.PNG,kusurlu,0
Class3,0399.PNG,kusursuz,Class3,0692.PNG,kusursuz,0
Class3,0400.PNG,kusurlu,Class3,0800.PNG,kusursuz,0
Class3,0401.PNG,kusursuz,Class3,0602.PNG,kusursuz,0
Class3,0402.PNG,kusursuz,Class3,0608.PNG,kusursuz,0
Class3,0403.PNG,kusursuz,Class3,0601.PNG,kusursuz,0
Class3,0404.PNG,kusursuz,Class3,0766.PNG,kusursuz,0
Class3,0405.PNG,kusursuz,Class3,0594.PNG,kusursuz,0
Class3,0406.PNG,kusursuz,Class3,0720.PNG,kusurlu,0
Class3,0408.PNG,kusursuz,Class3,0577.PNG,kusursuz,0
Class3,0409.PNG,kusursuz,Class3,0580.PNG,kusursuz,0
Class3,0410.PNG,kusursuz,Class3,0594.PNG,kusursuz,0
Class3,0411.PNG,kusursuz,Class3,0580.PNG,kusursuz,0
Class3,0412.PNG,kusursuz,Class3,0594.PNG,kusursuz,0
Class3,0413.PNG,kusursuz,Class3,0581.PNG,kusursuz,0
Class3,0414.PNG,kusursuz,Class3,0615.PNG,kusursuz,0
Class3,0415.PNG,kusursuz,Class3,0620.PNG,kusursuz,0
Class3,0416.PNG,kusursuz,Class3,0594.PNG,kusursuz,0
Class3,0418.PNG,kusursuz,Class3,0584.PNG,kusursuz,0
Class3,0419.PNG,kusursuz,Class3,0617.PNG,kusurlu,0
Class3,0420.PNG,kusursuz,Class3,0601.PNG,kusursuz,0
Class3,0421.PNG,kusurlu,Class3,0594.PNG,kusursuz,0
Class3,0422.PNG,kusursuz,Class3,0578.PNG,kusurlu,0
Class3,0423.PNG,kusurlu,Class3,0614.PNG,kusursuz,0
Class3,0424.PNG,kusursuz,Class3,0602.PNG,kusursuz,0
Class3,0425.PNG,kusursuz,Class3,0615.PNG,kusursuz,0
Class3,0426.PNG,kusursuz,Class3,0764.PNG,kusursuz,0
Class3,0427.PNG,kusursuz,Class3,0578.PNG,kusurlu,0
Class3,0428.PNG,kusursuz,Class3,0578.PNG,kusurlu,0
Class3,0429.PNG,kusursuz,Class3,0614.PNG,kusursuz,0
Class3,0430.PNG,kusursuz,Class3,0611.PNG,kusursuz,0
Class3,0431.PNG,kusursuz,Class3,0577.PNG,kusursuz,0
Class3,0432.PNG,kusursuz,Class3,0595.PNG,kusursuz,0
Class3,0433.PNG,kusursuz,Class3,0601.PNG,kusursuz,0
Class3,0435.PNG,kusursuz,Class3,0627.PNG,kusursuz,0
Class3,0437.PNG,kusursuz,Class3,0686.PNG,kusursuz,0
Class3,0438.PNG,kusursuz,Class3,0578.PNG,kusurlu,0
Class3,0439.PNG,kusursuz,Class3,1056.PNG,kusursuz,0
Class3,0440.PNG,kusursuz,Class3,1017.PNG,kusursuz,0
Class3,0442.PNG,kusursuz,Class3,0650.PNG,kusursuz,0
Class3,0443.PNG,kusursuz,Class3,0616.PNG,kusursuz,0
Class3,0444.PNG,kusursuz,Class3,0577.PNG,kusursuz,0
Class3,0445.PNG,kusursuz,Class3,0576.PNG,kusursuz,0
Class3,0446.PNG,kusursuz,Class3,0613.PNG,kusursuz,0
Class3,0448.PNG,kusursuz,Class3,0581.PNG,kusursuz,0
Class3,0449.PNG,kusursuz,Class3,0588.PNG,kusursuz,0
Class3,0450.PNG,kusursuz,Class3,0588.PNG,kusursuz,0
Class3,0451.PNG,kusursuz,Class3,0628.PNG,kusursuz,0
Class3,0452.PNG,kusursuz,Class3,0632.PNG,kusursuz,0
Class3,0453.PNG,kusursuz,Class3,0602.PNG,kusursuz,0
Class3,0454.PNG,kusursuz,Class3,0614.PNG,kusursuz,0
Class3,0457.PNG,kusursuz,Class3,0602.PNG,kusursuz,0
Class3,0459.PNG,kusursuz,Class3,0581.PNG,kusursuz,0
Class3,0460.PNG,kusurlu,Class3,0577.PNG,kusursuz,0
Class3,0461.PNG,kusursuz,Class3,0627.PNG,kusursuz,0
Class3,0462.PNG,kusurlu,Class3,0613.PNG,kusursuz,0
Class3,0463.PNG,kusursuz,Class3,0588.PNG,kusursuz,0
Class3,0464.PNG,kusursuz,Class3,0583.PNG,kusursuz,0
Class3,0465.PNG,kusursuz,Class3,0623.PNG,kusursuz,0
Class3,0466.PNG,kusursuz,Class3,0614.PNG,kusursuz,0
Class3,0467.PNG,kusursuz,Class3,0611.PNG,kusursuz,0
Class3,0468.PNG,kusursuz,Class3,0721.PNG,kusursuz,0
Class3,0469.PNG,kusursuz,Class3,0616.PNG,kusursuz,0
Class3,0470.PNG,kusursuz,Class3,0580.PNG,kusursuz,0
Class3,0471.PNG,kusursuz,Class3,0684.PNG,kusursuz,0
Class3,0472.PNG,kusursuz,Class3,0668.PNG,kusursuz,0
Class3,0473.PNG,kusursuz,Class3,0613.PNG,kusursuz,0
Class3,0474.PNG,kusursuz,Class3,0609.PNG,kusursuz,0
Class3,0475.PNG,kusursuz,Class3,0611.PNG,kusursuz,0
Class3,0476.PNG,kusursuz,Class3,0608.PNG,kusursuz,0
Class3,0477.PNG,kusurlu,Class3,0587.PNG,kusursuz,0
Class3,0478.PNG,kusurlu,Class3,0766.PNG,kusursuz,0
Class3,0479.PNG,kusursuz,Class3,0594.PNG,kusursuz,0
Class3,0481.PNG,kusursuz,Class3,0614.PNG,kusursuz,0
Class3,0482.PNG,kusursuz,Class3,0577.PNG,kusursuz,0
Class3,0483.PNG,kusurlu,Class3,0615.PNG,kusursuz,0
Class3,0485.PNG,kusursuz,Class3,0602.PNG,kusursuz,0
Class3,0486.PNG,kusurlu,Class3,0577.PNG,kusursuz,0
Class3,0487.PNG,kusursuz,Class3,0766.PNG,kusursuz,0
Class3,0488.PNG,kusursuz,Class3,0650.PNG,kusursuz,0
Class3,0489.PNG,kusursuz,Class3,0614.PNG,kusursuz,0
Class3,0490.PNG,kusursuz,Class3,0584.PNG,kusursuz,0
Class3,0491.PNG,kusursuz,Class3,0638.PNG,kusursuz,0
Class3,0492.PNG,kusursuz,Class3,0613.PNG,kusursuz,0
Class3,0493.PNG,kusursuz,Class3,0608.PNG,kusursuz,0
Class3,0494.PNG,kusursuz,Class3,0594.PNG,kusursuz,0
Class3,0495.PNG,kusursuz,Class3,0668.PNG,kusursuz,0
Class3,0496.PNG,kusurlu,Class3,0604.PNG,kusursuz,0
Class3,0497.PNG,kusursuz,Class3,0584.PNG,kusursuz,0
Class3,0498.PNG,kusursuz,Class3,0614.PNG,kusursuz,0
Class3,0499.PNG,kusurlu,Class3,0581.PNG,kusursuz,0
Class3,0500.PNG,kusursuz,Class3,0577.PNG,kusursuz,0
Class3,0501.PNG,kusursuz,Class3,0595.PNG,kusursuz,0
Class3,0502.PNG,kusursuz,Class3,0584.PNG,kusursuz,0
Class3,0503.PNG,kusursuz,Class3,0614.PNG,kusursuz,0
Class3,0504.PNG,kusursuz,Class3,0593.PNG,kusursuz,0
Class3,0505.PNG,kusursuz,Class3,0613.PNG,kusursuz,0
Class3,0507.PNG,kusursuz,Class3,0577.PNG,kusursuz,0
Class3,0508.PNG,kusursuz,Class3,0578.PNG,kusurlu,0
Class3,0509.PNG,kusurlu,Class3,0594.PNG,kusursuz,0
Class3,0510.PNG,kusursuz,Class3,0611.PNG,kusursuz,0
Class3,0511.PNG,kusursuz,Class3,0684.PNG,kusursuz,0
Class3,0513.PNG,kusursuz,Class3,0583.PNG,kusursuz,0
Class3,0514.PNG,kusursuz,Class3,0581.PNG,kusursuz,0
Class3,0516.PNG,kusursuz,Class3,0731.PNG,kusursuz,0
Class3,0517.PNG,kusursuz,Class3,0602.PNG,kusursuz,0
Class3,0518.PNG,kusursuz,Class3,0878.PNG,kusursuz,0
Class3,0520.PNG,kusursuz,Class3,0764.PNG,kusursuz,0
Class3,0521.PNG,kusurlu,Class3,0623.PNG,kusursuz,0
Class3,0524.PNG,kusursuz,Class3,0584.PNG,kusursuz,0
Class3,0525.PNG,kusursuz,Class3,0611.PNG,kusursuz,0
Class3,0526.PNG,kusursuz,Class3,0638.PNG,kusursuz,0
Class3,0527.PNG,kusursuz,Class3,0614.PNG,kusursuz,0
Class3,0528.PNG,kusursuz,Class3,0588.PNG,kusursuz,0
Class3,0529.PNG,kusursuz,Class3,0614.PNG,kusursuz,0
Class3,0530.PNG,kusursuz,Class3,0595.PNG,kusursuz,0
Class3,0531.PNG,kusursuz,Class3,0594.PNG,kusursuz,0
Class3,0532.PNG,kusursuz,Class3,0577.PNG,kusursuz,0
Class3,0533.PNG,kusurlu,Class3,0684.PNG,kusursuz,0
Class3,0534.PNG,kusursuz,Class3,0632.PNG,kusursuz,0
Class3,0535.PNG,kusursuz,Class3,0650.PNG,kusursuz,0
Class3,0536.PNG,kusursuz,Class3,0577.PNG,kusursuz,0
Class3,0537.PNG,kusursuz,Class3,0614.PNG,kusursuz,0
Class3,0538.PNG,kusurlu,Class3,0901.PNG,kusursuz,0
Class3,0539.PNG,kusursuz,Class3,0988.PNG,kusursuz,0
Class3,0540.PNG,kusursuz,Class3,0587.PNG,kusursuz,0
Class3,0541.PNG,kusursuz,Class3,0608.PNG,kusursuz,0
Class3,0542.PNG,kusursuz,Class3,0614.PNG,kusursuz,0
Class3,0543.PNG,kusursuz,Class3,0577.PNG,kusursuz,0
Class3,0544.PNG,kusursuz,Class3,0577.PNG,kusursuz,0
Class3,0545.PNG,kusursuz,Class3,0614.PNG,kusursuz,0
Class3,0547.PNG,kusurlu,Class3,0731.PNG,kusursuz,0
Class3,0548.PNG,kusursuz,Class3,0614.PNG,kusursuz,0
Class3,0549.PNG,kusursuz,Class3,0578.PNG,kusurlu,0
Class3,0550.PNG,kusursuz,Class3,0605.PNG,kusursuz,0
Class3,0551.PNG,kusurlu,Class3,0614.PNG,kusursuz,0
Class3,0552.PNG,kusursuz,Class3,0614.PNG,kusursuz,0
Class3,0553.PNG,kusursuz,Class3,0685.PNG,kusursuz,0
Class3,0554.PNG,kusurlu,Class3,0584.PNG,kusursuz,0
Class3,0555.PNG,kusursuz,Class3,0828.PNG,kusursuz,0
Class3,0556.PNG,kusursuz,Class3,0776.PNG,kusursuz,0
Class3,0557.PNG,kusursuz,Class3,0577.PNG,kusursuz,0
Class3,0558.PNG,kusursuz,Class3,0593.PNG,kusursuz,0
Class3,0559.PNG,kusursuz,Class3,0613.PNG,kusursuz,0
Class3,0560.PNG,kusurlu,Class3,0810.PNG,kusursuz,0
Class3,0561.PNG,kusursuz,Class3,0614.PNG,kusursuz,0
Class3,0562.PNG,kusursuz,Class3,0619.PNG,kusursuz,0
Class3,0563.PNG,kusursuz,Class3,0611.PNG,kusursuz,0
Class3,0564.PNG,kusursuz,Class3,0614.PNG,kusursuz,0
Class3,0565.PNG,kusursuz,Class3,0601.PNG,kusursuz,0
Class3,0566.PNG,kusursuz,Class3,0614.PNG,kusursuz,0
Class3,0567.PNG,kusursuz,Class3,0577.PNG,kusursuz,0
Class3,0568.PNG,kusursuz,Class3,0578.PNG,kusurlu,0
Class3,0569.PNG,kusursuz,Class3,0614.PNG,kusursuz,0
Class3,0570.PNG,kusursuz,Class3,0594.PNG,kusursuz,0
Class3,0571.PNG,kusurlu,Class3,0613.PNG,kusursuz,0
Class3,0572.PNG,kusursuz,Class3,0588.PNG,kusursuz,0
Class3,0573.PNG,kusursuz,Class3,0580.PNG,kusursuz,0
Class3,0574.PNG,kusursuz,Class3,0614.PNG,kusursuz,0
Class3,0575.PNG,kusursuz,Class3,0709.PNG,kusursuz,0
Class4,0021.PNG,kusursuz,Class4,1123.PNG,kusursuz,0
Class4,0224.PNG,kusursuz,Class4,1090.PNG,kusursuz,0
Class4,0264.PNG,kusursuz,Class4,0720.PNG,kusursuz,0
Class5,0001.PNG,kusurlu,Class5,0647.PNG,kusursuz,0
Class5,0002.PNG,kusursuz,Class5,0662.PNG,kusursuz,0
Class5,0003.PNG,kusursuz,Class5,0649.PNG,kusursuz,0
Class5,0004.PNG,kusursuz,Class5,0790.PNG,kusursuz,0
Class5,0006.PNG,kusursuz,Class5,0584.PNG,kusursuz,0
Class5,0007.PNG,kusursuz,Class5,0598.PNG,kusursuz,0
Class5,0010.PNG,kusursuz,Class5,1051.PNG,kusursuz,0
Class5,0011.PNG,kusursuz,Class5,0640.PNG,kusursuz,0
Class5,0012.PNG,kusursuz,Class5,0585.PNG,kusursuz,0
Class5,0013.PNG,kusursuz,Class5,0608.PNG,kusursuz,0
Class5,0014.PNG,kusurlu,Class5,0757.PNG,kusursuz,0
Class5,0016.PNG,kusursuz,Class5,0604.PNG,kusursuz,0
Class5,0017.PNG,kusursuz,Class5,0595.PNG,kusursuz,0
Class5,0018.PNG,kusursuz,Class5,0624.PNG,kusursuz,0
Class5,0021.PNG,kusursuz,Class5,0585.PNG,kusursuz,0
Class5,0022.PNG,kusursuz,Class5,0657.PNG,kusursuz,0
Class5,0023.PNG,kusursuz,Class5,0660.PNG,kusursuz,0
Class5,0024.PNG,kusursuz,Class5,0700.PNG,kusursuz,0
Class5,0025.PNG,kusursuz,Class5,0593.PNG,kusursuz,0
Class5,0026.PNG,kusursuz,Class5,1005.PNG,kusursuz,0
Class5,0028.PNG,kusursuz,Class5,0584.PNG,kusursuz,0
Class5,0029.PNG,kusursuz,Class5,1042.PNG,kusursuz,0
Class5,0031.PNG,kusursuz,Class5,0632.PNG,kusursuz,0
Class5,0035.PNG,kusursuz,Class5,0610.PNG,kusursuz,0
Class5,0036.PNG,kusursuz,Class5,0593.PNG,kusursuz,0
Class5,0037.PNG,kusursuz,Class5,0623.PNG,kusursuz,0
Class5,0039.PNG,kusursuz,Class5,0652.PNG,kusursuz,0
Class5,0040.PNG,kusursuz,Class5,0707.PNG,kusursuz,0
Class5,0041.PNG,kusursuz,Class5,0601.PNG,kusursuz,0
Class5,0042.PNG,kusursuz,Class5,0634.PNG,kusursuz,0
Class5,0043.PNG,kusurlu,Class5,0724.PNG,kusursuz,0
Class5,0044.PNG,kusursuz,Class5,0640.PNG,kusursuz,0
Class5,0045.PNG,kusursuz,Class5,0707.PNG,kusursuz,0
Class5,0046.PNG,kusursuz,Class5,0634.PNG,kusursuz,0
Class5,0047.PNG,kusursuz,Class5,0625.PNG,kusursuz,0
Class5,0048.PNG,kusursuz,Class5,0641.PNG,kusursuz,0
Class5,0049.PNG,kusursuz,Class5,0624.PNG,kusursuz,0
Class5,0050.PNG,kusursuz,Class5,0652.PNG,kusursuz,0
Class5,0052.PNG,kusursuz,Class5,0815.PNG,kusursuz,0
Class5,0053.PNG,kusursuz,Class5,0738.PNG,kusursuz,0
Class5,0054.PNG,kusursuz,Class5,0662.PNG,kusursuz,0
Class5,0055.PNG,kusursuz,Class5,0584.PNG,kusursuz,0
Class5,0056.PNG,kusursuz,Class5,0952.PNG,kusursuz,0
Class5,0061.PNG,kusursuz,Class5,0777.PNG,kusursuz,0
Class5,0065.PNG,kusursuz,Class5,0649.PNG,kusursuz,0
Class5,0066.PNG,kusursuz,Class5,0683.PNG,kusursuz,0
Class5,0067.PNG,kusursuz,Class5,0595.PNG,kusursuz,0
Class5,0068.PNG,kusursuz,Class5,0612.PNG,kusursuz,0
Class5,0069.PNG,kusursuz,Class5,0994.PNG,kusursuz,0
Class5,0070.PNG,kusursuz,Class5,0808.PNG,kusursuz,0
Class5,0071.PNG,kusursuz,Class5,0625.PNG,kusursuz,0
Class5,0072.PNG,kusursuz,Class5,0730.PNG,kusursuz,0
Class5,0073.PNG,kusursuz,Class5,0623.PNG,kusursuz,0
Class5,0074.PNG,kusursuz,Class5,0623.PNG,kusursuz,0
Class5,0076.PNG,kusursuz,Class5,0714.PNG,kusursuz,0
Class5,0077.PNG,kusursuz,Class5,0610.PNG,kusursuz,0
Class5,0079.PNG,kusursuz,Class5,0649.PNG,kusursuz,0
Class5,0080.PNG,kusursuz,Class5,0604.PNG,kusursuz,0
Class5,0081.PNG,kusursuz,Class5,0610.PNG,kusursuz,0
Class5,0083.PNG,kusursuz,Class5,0683.PNG,kusursuz,0
Class5,0084.PNG,kusursuz,Class5,0660.PNG,kusursuz,0
Class5,0086.PNG,kusursuz,Class5,0615.PNG,kusursuz,0
Class5,0087.PNG,kusursuz,Class5,1145.PNG,kusurlu,0
Class5,0088.PNG,kusursuz,Class5,0610.PNG,kusursuz,0
Class5,0090.PNG,kusursuz,Class5,0610.PNG,kusursuz,0
Class5,0091.PNG,kusursuz,Class5,1029.PNG,kusursuz,0
Class5,0092.PNG,kusursuz,Class5,0734.PNG,kusursuz,0
Class5,0094.PNG,kusursuz,Class5,0584.PNG,kusursuz,0
Class5,0096.PNG,kusursuz,Class5,0662.PNG,kusursuz,0
Class5,0097.PNG,kusursuz,Class5,0612.PNG,kusursuz,0
Class5,0100.PNG,kusursuz,Class5,0913.PNG,kusursuz,0
Class5,0103.PNG,kusursuz,Class5,0798.PNG,kusursuz,0
Class5,0104.PNG,kusursuz,Class5,0662.PNG,kusursuz,0
Class5,0105.PNG,kusursuz,Class5,0632.PNG,kusursuz,0
Class5,0107.PNG,kusursuz,Class5,0683.PNG,kusursuz,0
Class5,0108.PNG,kusursuz,Class5,0604.PNG,kusursuz,0
Class5,0109.PNG,kusursuz,Class5,0702.PNG,kusursuz,0
Class5,0110.PNG,kusurlu,Class5,0635.PNG,kusurlu,0
Class5,0111.PNG,kusursuz,Class5,0718.PNG,kusursuz,0
Class5,0112.PNG,kusursuz,Class5,0640.PNG,kusursuz,0
Class5,0113.PNG,kusursuz,Class5,0685.PNG,kusursuz,0
Class5,0114.PNG,kusursuz,Class5,0606.PNG,kusursuz,0
Class5,0115.PNG,kusursuz,Class5,0581.PNG,kusursuz,0
Class5,0117.PNG,kusursuz,Class5,0576.PNG,kusursuz,0
Class5,0118.PNG,kusursuz,Class5,0576.PNG,kusursuz,0
Class5,0119.PNG,kusursuz,Class5,0634.PNG,kusursuz,0
Class5,0121.PNG,kusursuz,Class5,0618.PNG,kusursuz,0
Class5,0122.PNG,kusurlu,Class5,0635.PNG,kusurlu,0
Class5,0123.PNG,kusursuz,Class5,0641.PNG,kusursuz,0
Class5,0124.PNG,kusursuz,Class5,0595.PNG,kusursuz,0
Class5,0125.PNG,kusursuz,Class5,0683.PNG,kusursuz,0
Class5,0126.PNG,kusursuz,Class5,0662.PNG,kusursuz,0
Class5,0128.PNG,kusursuz,Class5,0683.PNG,kusursuz,0
Class5,0131.PNG,kusurlu,Class5,0646.PNG,kusursuz,0
Class5,0132.PNG,kusursuz,Class5,0697.PNG,kusursuz,0
Class5,0133.PNG,kusurlu,Class5,0809.PNG,kusursuz,0
Class5,0135.PNG,kusursuz,Class5,0707.PNG,kusursuz,0
Class5,0136.PNG,kusursuz,Class5,0584.PNG,kusursuz,0
Class5,0140.PNG,kusursuz,Class5,0665.PNG,kusursuz,0
Class5,0141.PNG,kusursuz,Class5,0584.PNG,kusursuz,0
Class5,0143.PNG,kusursuz,Class5,0816.PNG,kusurlu,0
Class5,0145.PNG,kusursuz,Class5,0610.PNG,kusursuz,0
Class5,0146.PNG,kusursuz,Class5,0659.PNG,kusursuz,0
Class5,0148.PNG,kusurlu,Class5,0624.PNG,kusursuz,0
Class5,0150.PNG,kusursuz,Class5,0641.PNG,kusursuz,0
Class5,0151.PNG,kusursuz,Class5,1034.PNG,kusursuz,0
Class5,0153.PNG,kusursuz,Class5,0600.PNG,kusursuz,0
Class5,0155.PNG,kusursuz,Class5,0584.PNG,kusursuz,0
Class5,0156.PNG,kusurlu,Class5,0728.PNG,kusursuz,0
Class5,0157.PNG,kusursuz,Class5,0683.PNG,kusursuz,0
Class5,0158.PNG,kusursuz,Class5,0615.PNG,kusursuz,0
Class5,0159.PNG,kusursuz,Class5,0632.PNG,kusursuz,0
Class5,0160.PNG,kusursuz,Class5,0683.PNG,kusursuz,0
Class5,0161.PNG,kusursuz,Class5,0825.PNG,kusursuz,0
Class5,0162.PNG,kusursuz,Class5,0718.PNG,kusursuz,0
Class5,0164.PNG,kusursuz,Class5,0588.PNG,kusursuz,0
Class5,0165.PNG,kusursuz,Class5,0595.PNG,kusursuz,0
Class5,0166.PNG,kusurlu,Class5,0584.PNG,kusursuz,0
Class5,0167.PNG,kusursuz,Class5,0610.PNG,kusursuz,0
Class5,0168.PNG,kusursuz,Class5,0608.PNG,kusursuz,0
Class5,0170.PNG,kusursuz,Class5,0683.PNG,kusursuz,0
Class5,0171.PNG,kusursuz,Class5,1145.PNG,kusurlu,0
Class5,0172.PNG,kusurlu,Class5,0581.PNG,kusursuz,0
Class5,0174.PNG,kusursuz,Class5,0665.PNG,kusursuz,0
Class5,0176.PNG,kusursuz,Class5,0679.PNG,kusursuz,0
Class5,0177.PNG,kusursuz,Class5,0809.PNG,kusursuz,0
Class5,0178.PNG,kusursuz,Class5,0662.PNG,kusursuz,0
Class5,0179.PNG,kusursuz,Class5,0615.PNG,kusursuz,0
Class5,0180.PNG,kusursuz,Class5,0649.PNG,kusursuz,0
Class5,0181.PNG,kusursuz,Class5,0756.PNG,kusursuz,0
Class5,0183.PNG,kusursuz,Class5,0662.PNG,kusursuz,0
Class5,0184.PNG,kusursuz,Class5,0660.PNG,kusursuz,0
Class5,0185.PNG,kusursuz,Class5,0657.PNG,kusursuz,0
Class5,0186.PNG,kusurlu,Class5,0631.PNG,kusursuz,0
Class5,0190.PNG,kusursuz,Class5,0871.PNG,kusursuz,0
Class5,0191.PNG,kusursuz,Class5,0857.PNG,kusurlu,0
Class5,0192.PNG,kusursuz,Class5,0750.PNG,kusursuz,0
Class5,0193.PNG,kusursuz,Class5,0994.PNG,kusursuz,0
Class5,0194.PNG,kusursuz,Class5,0656.PNG,kusursuz,0
Class5,0195.PNG,kusursuz,Class5,0610.PNG,kusursuz,0
Class5,0196.PNG,kusursuz,Class5,0577.PNG,kusursuz,0
Class5,0197.PNG,kusursuz,Class5,0598.PNG,kusursuz,0
Class5,0198.PNG,kusursuz,Class5,0610.PNG,kusursuz,0
Class5,0200.PNG,kusurlu,Class5,0728.PNG,kusursuz,0
Class5,0201.PNG,kusursuz,Class5,0618.PNG,kusursuz,0
Class5,0202.PNG,kusursuz,Class5,0630.PNG,kusursuz,0
Class5,0203.PNG,kusurlu,Class5,0581.PNG,kusursuz,0
Class5,0204.PNG,kusursuz,Class5,0576.PNG,kusursuz,0
Class5,0205.PNG,kusursuz,Class5,1018.PNG,kusursuz,0
Class5,0206.PNG,kusursuz,Class5,0583.PNG,kusursuz,0
Class5,0210.PNG,kusursuz,Class5,0624.PNG,kusursuz,0
Class5,0211.PNG,kusursuz,Class5,0793.PNG,kusursuz,0
Class5,0212.PNG,kusursuz,Class5,0598.PNG,kusursuz,0
Class5,0215.PNG,kusursuz,Class5,0576.PNG,kusursuz,0
Class5,0217.PNG,kusursuz,Class5,0593.PNG,kusursuz,0
Class5,0221.PNG,kusursuz,Class5,0632.PNG,kusursuz,0
Class5,0223.PNG,kusursuz,Class5,0741.PNG,kusurlu,0
Class5,0224.PNG,kusursuz,Class5,0576.PNG,kusursuz,0
Class5,0226.PNG,kusursuz,Class5,0683.PNG,kusursuz,0
Class5,0227.PNG,kusursuz,Class5,0815.PNG,kusursuz,0
Class5,0228.PNG,kusursuz,Class5,0578.PNG,kusursuz,0
Class5,0229.PNG,kusursuz,Class5,0815.PNG,kusursuz,0
Class5,0230.PNG,kusursuz,Class5,0630.PNG,kusursuz,0
Class5,0232.PNG,kusursuz,Class5,0825.PNG,kusursuz,0
Class5,0233.PNG,kusursuz,Class5,0718.PNG,kusursuz,0
Class5,0235.PNG,kusursuz,Class5,0608.PNG,kusursuz,0
Class5,0237.PNG,kusursuz,Class5,0581.PNG,kusursuz,0
Class5,0238.PNG,kusursuz,Class5,1000.PNG,kusursuz,0
Class5,0239.PNG,kusursuz,Class5,0656.PNG,kusursuz,0
Class5,0240.PNG,kusursuz,Class5,0652.PNG,kusursuz,0
Class5,0241.PNG,kusursuz,Class5,0623.PNG,kusursuz,0
Class5,0243.PNG,kusursuz,Class5,0717.PNG,kusursuz,0
Class5,0244.PNG,kusursuz,Class5,0756.PNG,kusursuz,0
Class5,0245.PNG,kusursuz,Class5,0996.PNG,kusursuz,0
Class5,0246.PNG,kusursuz,Class5,0735.PNG,kusursuz,0
Class5,0247.PNG,kusursuz,Class5,0632.PNG,kusursuz,0
Class5,0248.PNG,kusursuz,Class5,0584.PNG,kusursuz,0
Class5,0249.PNG,kusursuz,Class5,0662.PNG,kusursuz,0
Class5,0250.PNG,kusursuz,Class5,0588.PNG,kusursuz,0
Class5,0252.PNG,kusursuz,Class5,0625.PNG,kusursuz,0
Class5,0253.PNG,kusursuz,Class5,0632.PNG,kusursuz,0
Class5,0254.PNG,kusursuz,Class5,0588.PNG,kusursuz,0
Class5,0256.PNG,kusursuz,Class5,0576.PNG,kusursuz,0
Class5,0257.PNG,kusursuz,Class5,0615.PNG,kusursuz,0
Class5,0258.PNG,kusursuz,Class5,0580.PNG,kusursuz,0
Class5,0263.PNG,kusursuz,Class5,0657.PNG,kusursuz,0
Class5,0264.PNG,kusursuz,Class5,0600.PNG,kusursuz,0
Class5,0265.PNG,kusursuz,Class5,0857.PNG,kusurlu,0
Class5,0266.PNG,kusursuz,Class5,0815.PNG,kusursuz,0
Class5,0267.PNG,kusursuz,Class5,0618.PNG,kusursuz,0
Class5,0268.PNG,kusursuz,Class5,0576.PNG,kusursuz,0
Class5,0270.PNG,kusursuz,Class5,0610.PNG,kusursuz,0
Class5,0272.PNG,kusursuz,Class5,0662.PNG,kusursuz,0
Class5,0273.PNG,kusursuz,Class5,0635.PNG,kusurlu,0
Class5,0274.PNG,kusursuz,Class5,0598.PNG,kusursuz,0
Class5,0275.PNG,kusursuz,Class5,0815.PNG,kusursuz,0
Class5,0276.PNG,kusursuz,Class5,0631.PNG,kusursuz,0
Class5,0279.PNG,kusursuz,Class5,0625.PNG,kusursuz,0
Class5,0280.PNG,kusursuz,Class5,0618.PNG,kusursuz,0
Class5,0281.PNG,kusursuz,Class5,0738.PNG,kusursuz,0
Class5,0283.PNG,kusursuz,Class5,0610.PNG,kusursuz,0
Class5,0284.PNG,kusursuz,Class5,0632.PNG,kusursuz,0
Class5,0285.PNG,kusursuz,Class5,0798.PNG,kusursuz,0
Class5,0286.PNG,kusursuz,Class5,0714.PNG,kusursuz,0
Class5,0287.PNG,kusursuz,Class5,0756.PNG,kusursuz,0
Class5,0289.PNG,kusursuz,Class5,0700.PNG,kusursuz,0
Class5,0290.PNG,kusursuz,Class5,0656.PNG,kusursuz,0
Class5,0291.PNG,kusursuz,Class5,0683.PNG,kusursuz,0
Class5,0293.PNG,kusursuz,Class5,0630.PNG,kusursuz,0
Class5,0294.PNG,kusursuz,Class5,0598.PNG,kusursuz,0
Class5,0295.PNG,kusursuz,Class5,0598.PNG,kusursuz,0
Class5,0296.PNG,kusursuz,Class5,0649.PNG,kusursuz,0
Class5,0298.PNG,kusursuz,Class5,0646.PNG,kusursuz,0
Class5,0299.PNG,kusursuz,Class5,0584.PNG,kusursuz,0
Class5,0301.PNG,kusursuz,Class5,0576.PNG,kusursuz,0
Class5,0302.PNG,kusursuz,Class5,0613.PNG,kusursuz,0
Class5,0306.PNG,kusursuz,Class5,0598.PNG,kusursuz,0
Class5,0307.PNG,kusursuz,Class5,0857.PNG,kusurlu,0
Class5,0308.PNG,kusurlu,Class5,1148.PNG,kusurlu,0
Class5,0309.PNG,kusursuz,Class5,0717.PNG,kusursuz,0
Class5,0311.PNG,kusursuz,Class5,0685.PNG,kusursuz,0
Class5,0312.PNG,kusursuz,Class5,0600.PNG,kusursuz,0
Class5,0314.PNG,kusursuz,Class5,0683.PNG,kusursuz,0
Class5,0315.PNG,kusursuz,Class5,0595.PNG,kusursuz,0
Class5,0316.PNG,kusursuz,Class5,0712.PNG,kusursuz,0
Class5,0318.PNG,kusursuz,Class5,0598.PNG,kusursuz,0
Class5,0319.PNG,kusursuz,Class5,0712.PNG,kusursuz,0
Class5,0321.PNG,kusursuz,Class5,0649.PNG,kusursuz,0
Class5,0322.PNG,kusursuz,Class5,0593.PNG,kusursuz,0
Class5,0323.PNG,kusursuz,Class5,0798.PNG,kusursuz,0
Class5,0324.PNG,kusurlu,Class5,0588.PNG,kusursuz,0
Class5,0325.PNG,kusursuz,Class5,0624.PNG,kusursuz,0
Class5,0327.PNG,kusursuz,Class5,0757.PNG,kusursuz,0
Class5,0328.PNG,kusursuz,Class5,0641.PNG,kusursuz,0
Class5,0329.PNG,kusurlu,Class5,0632.PNG,kusursuz,0
Class5,0333.PNG,kusursuz,Class5,0625.PNG,kusursuz,0
Class5,0334.PNG,kusurlu,Class5,0647.PNG,kusursuz,0
Class5,0335.PNG,kusursuz,Class5,0717.PNG,kusursuz,0
Class5,0338.PNG,kusursuz,Class5,0613.PNG,kusursuz,0
Class5,0340.PNG,kusursuz,Class5,0584.PNG,kusursuz,0
Class5,0344.PNG,kusursuz,Class5,0872.PNG,kusursuz,0
Class5,0345.PNG,kusursuz,Class5,0625.PNG,kusursuz,0
Class5,0346.PNG,kusursuz,Class5,0615.PNG,kusursuz,0
Class5,0347.PNG,kusurlu,Class5,0623.PNG,kusursuz,0
Class5,0348.PNG,kusurlu,Class5,0610.PNG,kusursuz,0
Class5,0349.PNG,kusursuz,Class5,0847.PNG,kusursuz,0
Class5,0350.PNG,kusursuz,Class5,0640.PNG,kusursuz,0
Class5,0353.PNG,kusurlu,Class5,0662.PNG,kusursuz,0
Class5,0354.PNG,kusursuz,Class5,0919.PNG,kusursuz,0
Class5,0355.PNG,kusursuz,Class5,0620.PNG,kusurlu,0
Class5,0357.PNG,kusursuz,Class5,0600.PNG,kusursuz,0
Class5,0359.PNG,kusursuz,Class5,0884.PNG,kusursuz,0
Class5,0360.PNG,kusurlu,Class5,0593.PNG,kusursuz,0
Class5,0362.PNG,kusursuz,Class5,0756.PNG,kusursuz,0
Class5,0363.PNG,kusurlu,Class5,0697.PNG,kusursuz,0
Class5,0365.PNG,kusursuz,Class5,0656.PNG,kusursuz,0
Class5,0366.PNG,kusursuz,Class5,0618.PNG,kusursuz,0
Class5,0367.PNG,kusursuz,Class5,0692.PNG,kusursuz,0
Class5,0368.PNG,kusursuz,Class5,0615.PNG,kusursuz,0
Class5,0369.PNG,kusursuz,Class5,0685.PNG,kusursuz,0
Class5,0371.PNG,kusursuz,Class5,0649.PNG,kusursuz,0
Class5,0372.PNG,kusursuz,Class5,0632.PNG,kusursuz,0
Class5,0374.PNG,kusursuz,Class5,0623.PNG,kusursuz,0
Class5,0375.PNG,kusursuz,Class5,0600.PNG,kusursuz,0
Class5,0378.PNG,kusursuz,Class5,0662.PNG,kusursuz,0
Class5,0380.PNG,kusursuz,Class5,0624.PNG,kusursuz,0
Class5,0381.PNG,kusursuz,Class5,0598.PNG,kusursuz,0
Class5,0382.PNG,kusursuz,Class5,0630.PNG,kusursuz,0
Class5,0383.PNG,kusursuz,Class5,0610.PNG,kusursuz,0
Class5,0387.PNG,kusursuz,Class5,0576.PNG,kusursuz,0
Class5,0388.PNG,kusursuz,Class5,0858.PNG,kusursuz,0
Class5,0389.PNG,kusursuz,Class5,0630.PNG,kusursuz,0
Class5,0390.PNG,kusursuz,Class5,0584.PNG,kusursuz,0
Class5,0391.PNG,kusursuz,Class5,0618.PNG,kusursuz,0
Class5,0394.PNG,kusursuz,Class5,0632.PNG,kusursuz,0
Class5,0395.PNG,kusursuz,Class5,0820.PNG,kusursuz,0
Class5,0397.PNG,kusursuz,Class5,0610.PNG,kusursuz,0
Class5,0398.PNG,kusursuz,Class5,1034.PNG,kusursuz,0
Class5,0399.PNG,kusursuz,Class5,0935.PNG,kusursuz,0
Class5,0401.PNG,kusursuz,Class5,0604.PNG,kusursuz,0
Class5,0403.PNG,kusursuz,Class5,0630.PNG,kusursuz,0
Class5,0405.PNG,kusursuz,Class5,0598.PNG,kusursuz,0
Class5,0406.PNG,kusursuz,Class5,0632.PNG,kusursuz,0
Class5,0407.PNG,kusursuz,Class5,0632.PNG,kusursuz,0
Class5,0409.PNG,kusursuz,Class5,0662.PNG,kusursuz,0
Class5,0410.PNG,kusursuz,Class5,0975.PNG,kusurlu,0
Class5,0411.PNG,kusursuz,Class5,0576.PNG,kusursuz,0
Class5,0416.PNG,kusursuz,Class5,0576.PNG,kusursuz,0
Class5,0417.PNG,kusursuz,Class5,0820.PNG,kusursuz,0
Class5,0418.PNG,kusursuz,Class5,0598.PNG,kusursuz,0
Class5,0419.PNG,kusurlu,Class5,1130.PNG,kusursuz,0
Class5,0420.PNG,kusursuz,Class5,0576.PNG,kusursuz,0
Class5,0421.PNG,kusursuz,Class5,0593.PNG,kusursuz,0
Class5,0422.PNG,kusursuz,Class5,1145.PNG,kusurlu,0
Class5,0423.PNG,kusursuz,Class5,0656.PNG,kusursuz,0
Class5,0424.PNG,kusursuz,Class5,0656.PNG,kusursuz,0
Class5,0425.PNG,kusursuz,Class5,0583.PNG,kusursuz,0
Class5,0426.PNG,kusursuz,Class5,0623.PNG,kusursuz,0
Class5,0427.PNG,kusursuz,Class5,0756.PNG,kusursuz,0
Class5,0429.PNG,kusursuz,Class5,0610.PNG,kusursuz,0
Class5,0430.PNG,kusursuz,Class5,0584.PNG,kusursuz,0
Class5,0431.PNG,kusurlu,Class5,0625.PNG,kusursuz,0
Class5,0432.PNG,kusursuz,Class5,1000.PNG,kusursuz,0
Class5,0433.PNG,kusursuz,Class5,1139.PNG,kusursuz,0
Class5,0434.PNG,kusursuz,Class5,1000.PNG,kusursuz,0
Class5,0435.PNG,kusursuz,Class5,0808.PNG,kusursuz,0
Class5,0437.PNG,kusursuz,Class5,1047.PNG,kusursuz,0
Class5,0438.PNG,kusursuz,Class5,0615.PNG,kusursuz,0
Class5,0439.PNG,kusursuz,Class5,0780.PNG,kusurlu,0
Class5,0440.PNG,kusursuz,Class5,0662.PNG,kusursuz,0
Class5,0441.PNG,kusursuz,Class5,0604.PNG,kusursuz,0
Class5,0442.PNG,kusursuz,Class5,0702.PNG,kusursuz,0
Class5,0443.PNG,kusursuz,Class5,0935.PNG,kusursuz,0
Class5,0444.PNG,kusursuz,Class5,0734.PNG,kusursuz,0
Class5,0445.PNG,kusursuz,Class5,0598.PNG,kusursuz,0
Class5,0446.PNG,kusursuz,Class5,0734.PNG,kusursuz,0
Class5,0447.PNG,kusursuz,Class5,0584.PNG,kusursuz,0
Class5,0448.PNG,kusursuz,Class5,0712.PNG,kusursuz,0
Class5,0449.PNG,kusursuz,Class5,0994.PNG,kusursuz,0
Class5,0450.PNG,kusursuz,Class5,0585.PNG,kusursuz,0
Class5,0451.PNG,kusursuz,Class5,0847.PNG,kusursuz,0
Class5,0452.PNG,kusurlu,Class5,0598.PNG,kusursuz,0
Class5,0453.PNG,kusursuz,Class5,0660.PNG,kusursuz,0
Class5,0454.PNG,kusursuz,Class5,0697.PNG,kusursuz,0
Class5,0456.PNG,kusursuz,Class5,0643.PNG,kusursuz,0
Class5,0458.PNG,kusursuz,Class5,0741.PNG,kusurlu,0
Class5,0459.PNG,kusursuz,Class5,0612.PNG,kusursuz,0
Class5,0461.PNG,kusursuz,Class5,0718.PNG,kusursuz,0
Class5,0463.PNG,kusursuz,Class5,0625.PNG,kusursuz,0
Class5,0465.PNG,kusursuz,Class5,0641.PNG,kusursuz,0
Class5,0466.PNG,kusursuz,Class5,0581.PNG,kusursuz,0
Class5,0467.PNG,kusursuz,Class5,0707.PNG,kusursuz,0
Class5,0468.PNG,kusurlu,Class5,0635.PNG,kusurlu,0
Class5,0470.PNG,kusursuz,Class5,0610.PNG,kusursuz,0
Class5,0471.PNG,kusursuz,Class5,0623.PNG,kusursuz,0
Class5,0472.PNG,kusursuz,Class5,1145.PNG,kusurlu,0
Class5,0474.PNG,kusursuz,Class5,0992.PNG,kusursuz,0
Class5,0476.PNG,kusursuz,Class5,0825.PNG,kusursuz,0
Class5,0477.PNG,kusursuz,Class5,0612.PNG,kusursuz,0
Class5,0478.PNG,kusursuz,Class5,0610.PNG,kusursuz,0
Class5,0479.PNG,kusursuz,Class5,0718.PNG,kusursuz,0
Class5,0480.PNG,kusursuz,Class5,0598.PNG,kusursuz,0
Class5,0482.PNG,kusursuz,Class5,0685.PNG,kusursuz,0
Class5,0483.PNG,kusursuz,Class5,0593.PNG,kusursuz,0
Class5,0484.PNG,kusursuz,Class5,0660.PNG,kusursuz,0
Class5,0485.PNG,kusursuz,Class5,0610.PNG,kusursuz,0
Class5,0487.PNG,kusursuz,Class5,0717.PNG,kusursuz,0
Class5,0488.PNG,kusursuz,Class5,0750.PNG,kusursuz,0
Class5,0490.PNG,kusursuz,Class5,0584.PNG,kusursuz,0
Class5,0492.PNG,kusursuz,Class5,0943.PNG,kusursuz,0
Class5,0493.PNG,kusurlu,Class5,0657.PNG,kusursuz,0
Class5,0494.PNG,kusursuz,Class5,0598.PNG,kusursuz,0
Class5,0495.PNG,kusurlu,Class5,0750.PNG,kusursuz,0
Class5,0496.PNG,kusursuz,Class5,0632.PNG,kusursuz,0
Class5,0498.PNG,kusursuz,Class5,0757.PNG,kusursuz,0
Class5,0499.PNG,kusursuz,Class5,0815.PNG,kusursuz,0
Class5,0500.PNG,kusursuz,Class5,0625.PNG,kusursuz,0
Class5,0501.PNG,kusursuz,Class5,0584.PNG,kusursuz,0
Class5,0502.PNG,kusursuz,Class5,0606.PNG,kusursuz,0
Class5,0503.PNG,kusurlu,Class5,1145.PNG,kusurlu,0
Class5,0504.PNG,kusursuz,Class5,0935.PNG,kusursuz,0
Class5,0505.PNG,kusursuz,Class5,0647.PNG,kusursuz,0
Class5,0508.PNG,kusursuz,Class5,0608.PNG,kusursuz,0
Class5,0509.PNG,kusursuz,Class5,0913.PNG,kusursuz,0
Class5,0510.PNG,kusursuz,Class5,0585.PNG,kusursuz,0
Class5,0511.PNG,kusursuz,Class5,0640.PNG,kusursuz,0
Class5,0512.PNG,kusursuz,Class5,0815.PNG,kusursuz,0
Class5,0513.PNG,kusursuz,Class5,0585.PNG,kusursuz,0
Class5,0515.PNG,kusursuz,Class5,1139.PNG,kusursuz,0
Class5,0518.PNG,kusursuz,Class5,1084.PNG,kusursuz,0
Class5,0519.PNG,kusursuz,Class5,0581.PNG,kusursuz,0
Class5,0520.PNG,kusursuz,Class5,0610.PNG,kusursuz,0
Class5,0522.PNG,kusursuz,Class5,0598.PNG,kusursuz,0
Class5,0526.PNG,kusursuz,Class5,0702.PNG,kusursuz,0
Class5,0527.PNG,kusursuz,Class5,0610.PNG,kusursuz,0
Class5,0528.PNG,kusursuz,Class5,0595.PNG,kusursuz,0
Class5,0530.PNG,kusursuz,Class5,0656.PNG,kusursuz,0
Class5,0531.PNG,kusursuz,Class5,0625.PNG,kusursuz,0
Class5,0532.PNG,kusurlu,Class5,0649.PNG,kusursuz,0
Class5,0533.PNG,kusursuz,Class5,0615.PNG,kusursuz,0
Class5,0535.PNG,kusursuz,Class5,1102.PNG,kusurlu,0
Class5,0536.PNG,kusursuz,Class5,0583.PNG,kusursuz,0
Class5,0537.PNG,kusursuz,Class5,0718.PNG,kusursuz,0
Class5,0538.PNG,kusursuz,Class5,1026.PNG,kusurlu,0
Class5,0539.PNG,kusursuz,Class5,1029.PNG,kusursuz,0
Class5,0540.PNG,kusurlu,Class5,0692.PNG,kusursuz,0
Class5,0541.PNG,kusursuz,Class5,0660.PNG,kusursuz,0
Class5,0545.PNG,kusursuz,Class5,0660.PNG,kusursuz,0
Class5,0546.PNG,kusursuz,Class5,0623.PNG,kusursuz,0
Class5,0548.PNG,kusursuz,Class5,0809.PNG,kusursuz,0
Class5,0549.PNG,kusursuz,Class5,0610.PNG,kusursuz,0
Class5,0551.PNG,kusursuz,Class5,0858.PNG,kusursuz,0
Class5,0556.PNG,kusursuz,Class5,0718.PNG,kusursuz,0
Class5,0557.PNG,kusursuz,Class5,0815.PNG,kusursuz,0
Class5,0558.PNG,kusursuz,Class5,0631.PNG,kusursuz,0
Class5,0559.PNG,kusurlu,Class5,1041.PNG,kusursuz,0
Class5,0560.PNG,kusursuz,Class5,0584.PNG,kusursuz,0
Class5,0561.PNG,kusursuz,Class5,0598.PNG,kusursuz,0
Class5,0562.PNG,kusursuz,Class5,0621.PNG,kusursuz,0
Class5,0563.PNG,kusursuz,Class5,0593.PNG,kusursuz,0
Class5,0565.PNG,kusursuz,Class5,0623.PNG,kusursuz,0
Class5,0566.PNG,kusursuz,Class5,0576.PNG,kusursuz,0
Class5,0567.PNG,kusursuz,Class5,0625.PNG,kusursuz,0
Class5,0568.PNG,kusursuz,Class5,0649.PNG,kusursuz,0
Class5,0569.PNG,kusursuz,Class5,0632.PNG,kusursuz,0
Class5,0571.PNG,kusursuz,Class5,0692.PNG,kusursuz,0
Class5,0573.PNG,kusursuz,Class5,0641.PNG,kusursuz,0
Class5,0574.PNG,kusursuz,Class5,0585.PNG,kusursuz,0
